{
  "num_challenges": 8,
  "num_solved": 4,
  "num_unsolved": 4,
  "avg_min_mismatches_across_unsolved": 243.33333333333334,
  "timestamp": "2025-10-13T01:43:39.817842+00:00"
}