{
  "num_challenges": 179,
  "num_solved": 139,
  "num_unsolved": 40,
  "avg_min_mismatches_across_unsolved": 94.74193548387096,
  "timestamp": "2025-10-04T18:33:11.160877+00:00"
}