{
  "num_challenges": 17,
  "num_solved": 9,
  "num_unsolved": 8,
  "avg_min_mismatches_across_unsolved": 46.666666666666664,
  "timestamp": "2025-10-12T23:29:09.493036+00:00"
}