{
  "num_challenges": 400,
  "num_solved": 358,
  "num_unsolved": 42,
  "avg_min_mismatches_across_unsolved": 396.6666666666667,
  "timestamp": "2025-10-02T21:13:22.852135+00:00"
}