{
  "num_challenges": 400,
  "num_solved": 375,
  "num_unsolved": 25,
  "avg_min_mismatches_across_unsolved": 175.83333333333334,
  "timestamp": "2025-10-08T20:44:48.710581+00:00"
}