{
  "num_challenges": 400,
  "num_solved": 356,
  "num_unsolved": 44,
  "avg_min_mismatches_across_unsolved": 392.2857142857143,
  "timestamp": "2025-10-01T04:50:40.299190+00:00"
}