{
  "num_challenges": 9,
  "num_solved": 0,
  "num_unsolved": 9,
  "avg_min_mismatches_across_unsolved": 75.57142857142857,
  "timestamp": "2025-10-11T14:25:30.445641+00:00"
}