{
  "num_challenges": 17,
  "num_solved": 1,
  "num_unsolved": 16,
  "avg_min_mismatches_across_unsolved": 200.14285714285714,
  "timestamp": "2025-10-11T04:29:28.555686+00:00"
}