{
  "num_challenges": 17,
  "num_solved": 3,
  "num_unsolved": 14,
  "avg_min_mismatches_across_unsolved": 166.42857142857142,
  "timestamp": "2025-10-12T00:15:55.072623+00:00"
}