{
  "num_challenges": 400,
  "num_solved": 379,
  "num_unsolved": 21,
  "avg_min_mismatches_across_unsolved": 244.33333333333334,
  "timestamp": "2025-10-09T03:37:17.214785+00:00"
}